"Mode","Stage","Compositions","MeanErrorDip","P95ErrorDip","MaxErrorDip","P95InvalidationMs","P95OldestPendingRenderMs","Invalidations","AllocatedBytes"
"Events","animated","158","0.342","3.326","7.088","0.196","1.646","88","2020704"
"Events","burst","238","6.497","14.165","14.263","0.003","0.109","240","9006936"
"Events","combined","238","6.904","14.932","15.036","0.003","0.055","240","3757120"
"Events","idle","0","0","0","0","0","0","0","139304"
"Events","loading","89","0","0","0","2153.562","0","90","1435248"
"Events","pan","238","5.364","8.225","8.248","0.007","0.066","240","3818896"
"Events","resize","242","0","0","0","0.002","0.144","240","6627872"
"Events","zoom","238","2.652","4.647","4.669","0.002","0.053","240","3778704"
"Polling","animated","129","2.963","12.282","13.284","21.758","32.16","54","1618288"
"Polling","burst","125","15.399","50.991","84.588","23.277","43.47","52","7544560"
"Polling","combined","129","15.62","52.619","75.608","20.876","42.812","54","2543072"
"Polling","idle","0","0","0","0","0","0","0","180384"
"Polling","loading","86","0","0","0","2163.592","0","88","1383488"
"Polling","pan","131","11.9","31.95","49.012","20.377","39.745","61","2656296"
"Polling","resize","241","0","0","0","8.985","0.197","66","6762688"
"Polling","zoom","135","7.125","22.633","49.239","20.675","41.094","58","2744728"
