"Repeat","Mode","Scenario","OverlayRenders","PinDraws","PinMicrosecondsPerCall","ProjectionMicrosecondsPerCall","PinBytes","Measures","Arranges","MapRefreshRequests","ProcessCpuMs","ProcessAllocatedBytes","Gen0","Gen1","Gen2","UiGapP95Ms","UiGapMaxMs"
"0","Floating","idle","0","0","0","0","0","0","0","0","218.75","89960","0","0","0","31.6338","31.731"
"0","Floating","pan","61","61","25.57","6.925","47336","0","0","89","1484.375","1756264","0","0","0","31.3327","31.6569"
"0","Floating","zoom","60","60","13.258","2.238","46560","0","0","89","265.625","1710584","0","0","0","31.479","31.6253"
"0","Floating","combined","57","57","10.819","2.232","44232","0","0","89","312.5","1661768","1","1","0","31.3672","31.5061"
"0","Floating","rapid","37","37","10.862","2.265","28712","0","0","89","218.75","1189280","0","0","0","16.123","16.3227"
"0","Floating","resize","130","130","7.569","1.55","100880","89","89","89","1687.5","2974256","1","0","0","31.6354","31.7811"
"0","Floating","loading","58","58","105.584","2.181","210656","0","0","0","406.25","800040","0","0","0","31.5471","31.6093"
"0","Layer","idle","0","0","0","0","0","0","0","0","0","89888","0","0","0","31.5275","31.6598"
"0","Layer","pan","62","87","16.852","2.725","7752","0","0","89","187.5","1543712","1","0","0","31.5048","31.9676"
"0","Layer","zoom","60","87","14.493","2.313","7656","0","0","89","187.5","1574744","0","0","0","31.5745","31.6538"
"0","Layer","combined","63","89","16.079","2.336","7832","0","0","89","171.875","1583064","0","0","0","31.5999","31.8773"
"0","Layer","rapid","37","59","15.437","2.343","5192","0","0","89","125","1163368","1","0","0","16.1099","16.1223"
"0","Layer","resize","136","115","14.097","2.07","10120","89","89","89","562.5","2895456","0","0","0","31.5145","31.6854"
"0","Layer","loading","55","56","24.9","2.314","4928","0","0","55","140.625","850112","0","0","0","31.5478","31.7817"
"0","Debounced","idle","0","0","0","0","0","0","0","0","0","73680","0","0","0","31.5361","31.7617"
"0","Debounced","pan","59","0","0","1.932","0","0","0","89","109.375","1329608","0","0","0","31.5408","31.6529"
"0","Debounced","zoom","63","0","0","2.057","0","0","0","89","250","1355656","0","0","0","31.6033","31.7408"
"0","Debounced","combined","61","0","0","2.13","0","0","0","89","187.5","1357448","1","0","0","31.5144","31.6393"
"0","Debounced","rapid","37","0","0","1.797","0","0","0","89","140.625","1077096","0","0","0","16.0871","16.4272"
"0","Debounced","resize","140","1","6.9","1.433","776","89","89","89","406.25","2671984","1","0","0","31.6015","31.783"
"0","Debounced","loading","57","57","64.679","1.844","207024","0","0","0","156.25","784144","0","0","0","31.596","31.7762"
"0","NoPin","idle","0","0","0","0","0","0","0","0","0","77616","0","0","0","31.485","31.6804"
"0","NoPin","pan","59","0","0","2.056","0","0","0","89","187.5","1349376","0","0","0","31.5582","31.6028"
"0","NoPin","zoom","52","0","0","1.788","0","0","0","89","140.625","1326448","1","0","0","31.58","31.7149"
"0","NoPin","combined","60","0","0","1.947","0","0","0","89","109.375","1350920","0","0","0","31.5552","31.7703"
"0","NoPin","rapid","37","0","0","1.819","0","0","0","89","78.125","1011976","0","0","0","16.1065","16.2591"
"0","NoPin","resize","143","0","0","1.352","0","89","89","89","390.625","2602520","1","0","0","31.4808","31.7572"
"0","NoPin","loading","56","0","0","2.059","0","0","0","0","109.375","222128","0","0","0","31.5417","32.3167"
"1","NoPin","idle","0","0","0","0","0","0","0","0","0","73624","0","0","0","31.6694","31.8794"
"1","NoPin","pan","60","0","0","1.928","0","0","0","89","171.875","1330128","0","0","0","31.5539","31.7826"
"1","NoPin","zoom","68","0","0","2.444","0","0","0","89","281.25","1365584","1","0","0","31.4613","49.4192"
"1","NoPin","combined","64","0","0","2.33","0","0","0","89","312.5","1378240","0","0","0","31.2034","31.7191"
"1","NoPin","rapid","37","0","0","2.308","0","0","0","89","171.875","1037416","0","0","0","16.0652","16.1669"
"1","NoPin","resize","145","0","0","1.451","0","89","89","89","359.375","2533560","1","0","0","31.5273","32.594"
"1","NoPin","loading","62","0","0","2.055","0","0","0","0","31.25","245760","0","0","0","31.1464","31.4836"
"1","Debounced","idle","0","0","0","0","0","0","0","0","0","81752","0","0","0","31.1252","31.3514"
"1","Debounced","pan","68","0","0","2.16","0","0","0","89","156.25","1390768","0","0","0","31.4146","31.5855"
"1","Debounced","zoom","66","0","0","2.28","0","0","0","89","171.875","1404744","0","0","0","31.1963","31.5857"
"1","Debounced","combined","66","0","0","2.214","0","0","0","89","140.625","1372368","0","0","0","31.3288","31.8021"
"1","Debounced","rapid","35","0","0","2.08","0","0","0","89","140.625","988568","0","0","0","16.0574","16.4399"
"1","Debounced","resize","139","2","8","1.581","1552","89","89","89","515.625","2639248","1","1","1","31.5992","31.7955"
"1","Debounced","loading","62","62","81.629","2.666","225184","0","0","0","171.875","848416","0","0","0","31.4423","31.5879"
"1","Layer","idle","0","0","0","0","0","0","0","0","0","73744","0","0","0","31.5454","32.0599"
"1","Layer","pan","68","89","20.401","2.736","7832","0","0","89","78.125","1595920","1","0","0","31.5066","31.693"
"1","Layer","zoom","63","88","18.349","2.548","7744","0","0","89","359.375","1581000","0","0","0","31.5479","31.7499"
"1","Layer","combined","62","89","18.347","2.816","7832","0","0","89","218.75","1562552","1","0","0","31.5706","31.8037"
"1","Layer","rapid","37","62","18.226","2.5","5456","0","0","89","78.125","1216536","0","0","0","16.1341","16.4458"
"1","Layer","resize","138","117","18.823","2.33","10296","89","89","89","562.5","2933496","1","0","0","31.6682","32.5394"
"1","Layer","loading","57","58","27.659","2.625","5104","0","0","57","171.875","874448","0","0","0","31.5735","32.0134"
"1","Floating","idle","0","0","0","0","0","0","0","0","0","65520","0","0","0","31.5267","31.9163"
"1","Floating","pan","52","52","13.498","3.021","40352","0","0","89","250","1425704","0","0","0","31.8403","50.8838"
"1","Floating","zoom","65","65","12.132","2.497","50440","0","0","89","453.125","1845200","1","0","0","31.3579","31.5032"
"1","Floating","combined","66","66","12.676","2.524","51216","0","0","89","343.75","1827120","0","0","0","31.5046","32.457"
"1","Floating","rapid","37","37","11.619","2.403","28712","0","0","89","187.5","1208568","1","0","0","16.0739","16.2325"
"1","Floating","resize","143","143","7.848","1.558","110968","89","89","89","578.125","2971336","0","0","0","31.6031","32.4421"
"1","Floating","loading","58","58","73.514","2.272","210656","0","0","0","234.375","792752","1","0","0","31.4751","31.7532"
