"Scenario","Operation","Workers","BeforeMs","AfterMs","DeltaMs","TimePercent","BeforeBytes","AfterBytes","DeltaBytes","AllocationPercent","ClassifiedBefore","ClassifiedAfter","TouchesBefore","TouchesAfter","LoadsBefore","LoadsAfter","DecodedHitsBefore","DecodedHitsAfter","PositiveAfter","NegativeAfter","ProfileCache"
"Brigg","360","1","687.0852","364.4619","-322.6233","-46.96","309747032","185454736","-124292296","-40.13","157321","0","159637","2367","541","541","158038","1826","157320","0","miss"
"Brigg","360","3","451.055","189.1781","-261.8769","-58.06","309510960","185516464","-123994496","-40.06","157321","0","159637","2367","541","541","157873","1807","157320","0","miss"
"Brigg","360","6","317.2515","162.2543","-154.9972","-48.86","312857976","187346120","-125511856","-40.12","157321","0","159637","2367","544","546","158142","1805","157320","0","miss"
"Brigg","FoV13","1","180.1652","69.4466","-110.7186","-61.45","75220168","70721216","-4498952","-5.98","5682","0","5870","276","249","249","5054","27","5681","0","miss"
"Brigg","FoV13","3","177.3629","67.0063","-110.3566","-62.22","75270720","70733856","-4536864","-6.03","5682","0","5870","276","249","249","5056","27","5681","0","miss"
"Brigg","FoV13","6","167.3239","73.0396","-94.2843","-56.35","75308736","70708728","-4600008","-6.11","5682","0","5870","276","249","249","5060","27","5681","0","miss"
"Brigg","map128","1","48.0211","20.0657","-27.9554","-58.21","26103672","12960648","-13143024","-50.35","16384","16384","16959","248","35","35","16924","213","16384","0","n/a"
"Brigg","map128","3","42.4855","19.8033","-22.6822","-53.39","26003032","12995264","-13007768","-50.02","16384","16384","16959","248","35","35","16924","213","16384","0","n/a"
"Brigg","map128","6","43.8787","19.4842","-24.3945","-55.6","26083560","12989192","-13094368","-50.2","16384","16384","16959","248","35","35","16924","213","16384","0","n/a"
"Brigg","mapRepeat","1","36.5988","0.0056","-36.5932","-99.98","16345664","176","-16345488","-100","16384","0","16959","0","0","0","16959","0","0","0","n/a"
"Brigg","mapRepeat","3","33.9322","0.005","-33.9272","-99.99","16329664","176","-16329488","-100","16384","0","16959","0","0","0","16959","0","0","0","n/a"
"Brigg","mapRepeat","6","33.2946","0.005","-33.2896","-99.98","16330920","176","-16330744","-100","16384","0","16959","0","0","0","16959","0","0","0","n/a"
"Brigg","observer","1","1.6064","1.4213","-0.1851","-11.52","291936","292096","160","0.05","1","1","1","1","1","1","0","0","0","0","n/a"
"Brigg","observer","3","1.4565","1.0615","-0.395","-27.12","291936","291936","0","0","1","1","1","1","1","1","0","0","0","0","n/a"
"Brigg","observer","6","1.2515","1.1087","-0.1428","-11.41","291936","291352","-584","-0.2","1","1","1","1","1","1","0","0","0","0","n/a"
"Brigg","rapid","1","159.4048","60.5216","-98.8832","-62.03","53296592","16755112","-36541480","-68.56","314642","0","2","3","0","0","2","3","0","0","n/a"
"Brigg","rapid","3","153.2861","62.0052","-91.2809","-59.55","89507608","16935312","-72572296","-81.08","629284","0","4","4","0","0","4","4","0","0","n/a"
"Brigg","rapid","6","153.4552","52.786","-100.6692","-65.6","89510424","16784656","-72725768","-81.25","629284","0","4","4","0","0","4","4","0","0","n/a"
"Brigg","warm","1","0.0657","0.0427","-0.023","-35.01","11152","11224","72","0.65","0","0","0","0","0","0","0","0","0","0","hit (zero provider samples verified)"
"Brigg","warm","3","0.0299","0.0435","0.0136","45.48","11152","11152","0","0","0","0","0","0","0","0","0","0","0","0","hit (zero provider samples verified)"
"Brigg","warm","6","0.0249","0.0306","0.0057","22.89","11152","11192","40","0.36","0","0","0","0","0","0","0","0","0","0","hit (zero provider samples verified)"
"Coast","360","1","592.7631","336.7925","-255.9706","-43.18","305456008","185088656","-120367352","-39.41","157321","87351","159647","2324","528","528","158045","1796","69970","87350","miss"
"Coast","360","3","454.9967","200.0714","-254.9253","-56.03","305742144","185187112","-120555032","-39.43","157321","87351","159647","2324","528","528","157924","1778","69970","87350","miss"
"Coast","360","6","352.6845","188.1923","-164.4922","-46.64","307827488","185844520","-121982968","-39.63","157321","87351","159647","2324","528","530","158220","1777","69970","87350","miss"
"Coast","FoV13","1","159.4415","67.9358","-91.5057","-57.39","73680096","69174600","-4505496","-6.11","5682","3251","5877","267","243","243","5058","24","2431","3250","miss"
"Coast","FoV13","3","224.0985","68.6921","-155.4064","-69.35","73677520","69190856","-4486664","-6.09","5682","3251","5877","267","243","243","5058","24","2431","3250","miss"
"Coast","FoV13","6","184.3101","87.8092","-96.5009","-52.36","73641336","69163272","-4478064","-6.08","5682","3251","5877","267","243","243","5056","24","2431","3250","miss"
"Coast","map128","1","44.1036","18.4442","-25.6594","-58.18","24870088","12115440","-12754648","-51.29","16384","16384","16568","217","31","32","16537","185","8064","8320","n/a"
"Coast","map128","3","49.9092","20.497","-29.4122","-58.93","24772416","12138304","-12634112","-51","16384","16384","16568","217","31","32","16537","185","8064","8320","n/a"
"Coast","map128","6","49.3439","22.2589","-27.085","-54.89","24812944","12117952","-12694992","-51.16","16384","16384","16568","217","31","32","16537","185","8064","8320","n/a"
"Coast","mapRepeat","1","35.8483","0.0056","-35.8427","-99.98","16241808","176","-16241632","-100","16384","0","16568","0","0","0","16568","0","0","0","n/a"
"Coast","mapRepeat","3","36.8546","0.0053","-36.8493","-99.99","16153704","176","-16153528","-100","16384","0","16568","0","0","0","16568","0","0","0","n/a"
"Coast","mapRepeat","6","34.6801","0.0056","-34.6745","-99.98","16187200","176","-16187024","-100","16384","0","16568","0","0","0","16568","0","0","0","n/a"
"Coast","observer","1","1.1731","1.0215","-0.1516","-12.92","291592","280848","-10744","-3.68","1","1","1","1","1","1","0","0","0","0","n/a"
"Coast","observer","3","1.1937","1.3854","0.1917","16.06","291592","280848","-10744","-3.68","1","1","1","1","1","1","0","0","0","0","n/a"
"Coast","observer","6","1.2481","1.0862","-0.1619","-12.97","292128","291592","-536","-0.18","1","1","1","1","1","1","0","0","0","0","n/a"
"Coast","rapid","1","114.2177","56.9186","-57.2991","-50.17","53036728","16805400","-36231328","-68.31","314642","3","2","3","0","0","2","3","0","0","n/a"
"Coast","rapid","3","179.4185","56.7509","-122.6676","-68.37","71310352","16760312","-54550040","-76.5","471963","4","3","4","0","0","3","4","0","0","n/a"
"Coast","rapid","6","194.3303","61.4899","-132.8404","-68.36","89595264","16759776","-72835488","-81.29","629284","4","4","4","0","0","4","4","0","0","n/a"
"Coast","warm","1","0.0215","0.0246","0.0031","14.42","11144","11144","0","0","0","0","0","0","0","0","0","0","0","0","hit (zero provider samples verified)"
"Coast","warm","3","0.0367","0.031","-0.0057","-15.53","11144","11144","0","0","0","0","0","0","0","0","0","0","0","0","hit (zero provider samples verified)"
"Coast","warm","6","0.0235","0.037","0.0135","57.45","11144","11144","0","0","0","0","0","0","0","0","0","0","0","0","hit (zero provider samples verified)"
"Mountain","360","1","695.5796","336.1115","-359.4681","-51.68","334600552","211247056","-123353496","-36.87","157321","0","160693","2599","633","633","158838","1966","157320","0","miss"
"Mountain","360","3","495.6182","244.3411","-251.2771","-50.7","335173104","211359256","-123813848","-36.94","157321","0","160693","2599","633","633","158623","1942","157320","0","miss"
"Mountain","360","6","330.5426","194.7882","-135.7544","-41.07","342735936","217526376","-125209560","-36.53","157321","0","160693","2599","649","656","158905","1925","157320","0","miss"
"Mountain","FoV13","1","213.6408","73.3374","-140.3034","-65.67","82228360","77659400","-4568960","-5.56","5682","0","5918","292","274","274","4991","18","5681","0","miss"
"Mountain","FoV13","3","223.595","77.7173","-145.8777","-65.24","82241352","77709496","-4531856","-5.51","5682","0","5918","292","274","274","4996","18","5681","0","miss"
"Mountain","FoV13","6","188.9821","79.9975","-108.9846","-57.67","82275016","77697704","-4577312","-5.56","5682","0","5918","292","274","274","4997","18","5681","0","miss"
"Mountain","map128","1","49.5794","21.4787","-28.1007","-56.68","27166600","14102120","-13064480","-48.09","16384","16384","16832","248","39","39","16793","209","16384","0","n/a"
"Mountain","map128","3","47.5669","20.6473","-26.9196","-56.59","27141488","14096432","-13045056","-48.06","16384","16384","16832","248","39","39","16793","209","16384","0","n/a"
"Mountain","map128","6","44.3","20.7148","-23.5852","-53.24","27168264","14078960","-13089304","-48.18","16384","16384","16832","248","39","39","16793","209","16384","0","n/a"
"Mountain","mapRepeat","1","34.3111","0.0031","-34.308","-99.99","16244752","176","-16244576","-100","16384","0","16832","0","0","0","16832","0","0","0","n/a"
"Mountain","mapRepeat","3","31.1698","0.0038","-31.166","-99.99","16232952","176","-16232776","-100","16384","0","16832","0","0","0","16832","0","0","0","n/a"
"Mountain","mapRepeat","6","32.8445","0.0037","-32.8408","-99.99","16318664","176","-16318488","-100","16384","0","16832","0","0","0","16832","0","0","0","n/a"
"Mountain","observer","1","1.3188","1.0666","-0.2522","-19.12","291376","281624","-9752","-3.35","1","1","1","1","1","1","0","0","0","0","n/a"
"Mountain","observer","3","1.2504","1.0888","-0.1616","-12.92","291376","290608","-768","-0.26","1","1","1","1","1","1","0","0","0","0","n/a"
"Mountain","observer","6","1.1463","1.2467","0.1004","8.76","291912","289840","-2072","-0.71","1","1","1","1","1","1","0","0","0","0","n/a"
"Mountain","rapid","1","127.6906","57.0023","-70.6883","-55.36","53109744","16731104","-36378640","-68.5","314642","0","2","4","0","0","2","4","0","0","n/a"
"Mountain","rapid","3","180.5994","50.011","-130.5884","-72.31","71263496","16881248","-54382248","-76.31","471963","0","3","4","0","0","3","4","0","0","n/a"
"Mountain","rapid","6","144.9078","60.2446","-84.6632","-58.43","89512616","16792312","-72720304","-81.24","629284","0","4","4","0","0","4","4","0","0","n/a"
"Mountain","warm","1","0.0207","0.0271","0.0064","30.92","11152","11152","0","0","0","0","0","0","0","0","0","0","0","0","hit (zero provider samples verified)"
"Mountain","warm","3","0.0201","0.0234","0.0033","16.42","11152","11152","0","0","0","0","0","0","0","0","0","0","0","0","hit (zero provider samples verified)"
"Mountain","warm","6","0.0233","0.025","0.0017","7.3","11152","11152","0","0","0","0","0","0","0","0","0","0","0","0","hit (zero provider samples verified)"
"OpenWater","360","1","629.6057","461.2463","-168.3594","-26.74","306937808","182941272","-123996536","-40.4","157321","157321","159808","2330","532","532","158199","1798","0","157320","miss"
"OpenWater","360","3","462.7964","207.4298","-255.3666","-55.18","307470072","182989544","-124480528","-40.49","157321","157321","159808","2330","532","532","158074","1783","0","157320","miss"
"OpenWater","360","6","317.3567","159.8774","-157.4793","-49.62","309288408","183715472","-125572936","-40.6","157321","157321","159808","2330","532","533","158082","1782","0","157320","miss"
"OpenWater","FoV13","1","188.8484","99.7469","-89.1015","-47.18","73924320","69351256","-4573064","-6.19","5682","5682","5870","269","244","244","5045","25","0","5681","miss"
"OpenWater","FoV13","3","185.9408","93.8666","-92.0742","-49.52","73927024","69331520","-4595504","-6.22","5682","5682","5870","269","244","244","5050","25","0","5681","miss"
"OpenWater","FoV13","6","183.8929","67.9747","-115.9182","-63.04","73942624","69339512","-4603112","-6.23","5682","5682","5870","269","244","244","5051","25","0","5681","miss"
"OpenWater","map128","1","51.8104","32.2392","-19.5712","-37.77","26590560","13787992","-12802568","-48.15","16384","16384","16832","232","37","38","16795","194","0","16384","n/a"
"OpenWater","map128","3","48.3133","28.7666","-19.5467","-40.46","26533064","13810944","-12722120","-47.95","16384","16384","16832","232","37","38","16795","194","0","16384","n/a"
"OpenWater","map128","6","46.256","21.3201","-24.9359","-53.91","26550912","13824368","-12726544","-47.93","16384","16384","16832","232","37","38","16795","194","0","16384","n/a"
"OpenWater","mapRepeat","1","35.2151","0.0082","-35.2069","-99.98","16296840","176","-16296664","-100","16384","0","16832","0","0","0","16832","0","0","0","n/a"
"OpenWater","mapRepeat","3","36.4819","0.0077","-36.4742","-99.98","16197248","176","-16197072","-100","16384","0","16832","0","0","0","16832","0","0","0","n/a"
"OpenWater","mapRepeat","6","37.5954","0.0033","-37.5921","-99.99","16309776","176","-16309600","-100","16384","0","16832","0","0","0","16832","0","0","0","n/a"
"OpenWater","observer","1","1.447","1.6316","0.1846","12.76","291592","290824","-768","-0.26","1","1","1","1","1","1","0","0","0","0","n/a"
"OpenWater","observer","3","1.1045","1.2386","0.1341","12.14","291592","289824","-1768","-0.61","1","1","1","1","1","1","0","0","0","0","n/a"
"OpenWater","observer","6","1.1267","1.3686","0.2419","21.47","292128","289064","-3064","-1.05","1","1","1","1","1","1","0","0","0","0","n/a"
"OpenWater","rapid","1","115.1087","62.2397","-52.869","-45.93","53025656","16783184","-36242472","-68.35","314642","3","2","3","0","0","2","3","0","0","n/a"
"OpenWater","rapid","3","182.9493","48.8868","-134.0625","-73.28","89507224","16810008","-72697216","-81.22","629284","3","4","3","0","0","4","3","0","0","n/a"
"OpenWater","rapid","6","176.9245","61.2542","-115.6703","-65.38","89597032","16792344","-72804688","-81.26","629284","4","4","4","0","0","4","4","0","0","n/a"
"OpenWater","warm","1","0.0318","0.036","0.0042","13.21","11136","11136","0","0","0","0","0","0","0","0","0","0","0","0","hit (zero provider samples verified)"
"OpenWater","warm","3","0.0378","0.029","-0.0088","-23.28","11136","11136","0","0","0","0","0","0","0","0","0","0","0","0","hit (zero provider samples verified)"
"OpenWater","warm","6","0.0273","0.0288","0.0015","5.49","11136","11176","40","0.36","0","0","0","0","0","0","0","0","0","0","hit (zero provider samples verified)"
